{"cameraMode":{"drawMode":0,"name":"Shaded","section":"Shading Mode"},"sceneLighting":true,"audioPlay":false,"sceneViewState":{"showFog":false,"showMaterialUpdate":false,"showSkybox":true,"showFlares":false,"showImageEffects":false,"showParticleSystems":false},"in2DMode":false,"pivot":{"x":0.05000000074505806,"y":0.10999999940395355,"z":0.5},"rotation":{"x":0.11102109402418137,"y":0.3713841438293457,"z":-0.04478130489587784,"w":0.920730471611023},"size":0.09013880044221878,"orthographic":false}