{"cameraMode":{"drawMode":0,"name":"Shaded","section":"Shading Mode"},"sceneLighting":true,"audioPlay":false,"sceneViewState":{"showFog":false,"showMaterialUpdate":false,"showSkybox":true,"showFlares":false,"showImageEffects":false,"showParticleSystems":false},"in2DMode":false,"pivot":{"x":0.7507476210594177,"y":0.3310000002384186,"z":-0.9087733626365662},"rotation":{"x":-0.039713528007268909,"y":-0.32432717084884646,"z":-0.013630918227136135,"w":0.9450162053108215},"size":0.050149090588092807,"orthographic":false}