{"cameraMode":{"drawMode":0,"name":"Shaded","section":"Shading Mode"},"sceneLighting":true,"audioPlay":false,"sceneViewState":{"showFog":false,"showMaterialUpdate":false,"showSkybox":true,"showFlares":false,"showImageEffects":false,"showParticleSystems":false},"in2DMode":false,"pivot":{"x":0.22372376918792725,"y":-0.2496369481086731,"z":8.745285034179688},"rotation":{"x":0.04648123309016228,"y":0.009591670706868172,"z":-0.0004464260127861053,"w":0.9988744258880615},"size":4.457838535308838,"orthographic":false}